{"cameraMode":{"drawMode":0,"name":"Shaded","section":"Shading Mode"},"sceneLighting":false,"audioPlay":false,"sceneViewState":{"m_AlwaysRefresh":false,"showFog":true,"showSkybox":false,"showFlares":true,"showImageEffects":true,"showParticleSystems":true,"showVisualEffectGraphs":true,"m_FxEnabled":true},"in2DMode":false,"pivot":{"x":0.1164703369140625,"y":0.5616158843040466,"z":0.04040634632110596},"rotation":{"x":-0.06383434683084488,"y":0.9057719111442566,"z":-0.14747793972492219,"w":-0.3921421766281128},"size":1.2817891836166382,"orthographic":false}