{"cameraMode":{"drawMode":0,"name":"Shaded","section":"Shading Mode"},"sceneLighting":false,"audioPlay":false,"sceneViewState":{"m_AlwaysRefresh":false,"showFog":true,"showSkybox":false,"showFlares":true,"showImageEffects":true,"showParticleSystems":true,"showVisualEffectGraphs":true,"m_FxEnabled":true},"in2DMode":false,"pivot":{"x":517.75927734375,"y":126.90823364257813,"z":8.133941650390625},"rotation":{"x":0.041080303490161899,"y":-0.021886704489588739,"z":-0.0009186701499857008,"w":-0.9989302158355713},"size":92.50840759277344,"orthographic":false}