{"cameraMode":{"drawMode":0,"name":"Shaded","section":"Shading Mode"},"sceneLighting":false,"audioPlay":false,"sceneViewState":{"m_AlwaysRefresh":false,"showFog":true,"showSkybox":false,"showFlares":true,"showImageEffects":true,"showParticleSystems":true,"showVisualEffectGraphs":true,"m_FxEnabled":true},"in2DMode":false,"pivot":{"x":-3.5848560333251955,"y":3.307328462600708,"z":1.3338274955749512},"rotation":{"x":0.10224389284849167,"y":0.7509633302688599,"z":-0.11972856521606446,"w":0.6413030624389648},"size":0.8287075757980347,"orthographic":false}