{"cameraMode":{"drawMode":0,"name":"Shaded","section":"Shading Mode"},"sceneLighting":true,"audioPlay":false,"sceneViewState":{"m_AlwaysRefresh":false,"showFog":true,"showSkybox":true,"showFlares":true,"showImageEffects":true,"showParticleSystems":true,"showVisualEffectGraphs":true,"m_FxEnabled":true},"in2DMode":false,"pivot":{"x":-22.12807846069336,"y":16.780963897705079,"z":-19.192840576171876},"rotation":{"x":0.053408969193696979,"y":-0.5941534638404846,"z":-0.03958689793944359,"w":-0.8016031384468079},"size":11.852887153625489,"orthographic":false}