{"cameraMode":{"drawMode":0,"name":"Shaded","section":"Shading Mode"},"sceneLighting":true,"audioPlay":false,"sceneViewState":{"m_AlwaysRefresh":false,"showFog":true,"showSkybox":true,"showFlares":true,"showImageEffects":true,"showParticleSystems":true,"showVisualEffectGraphs":true,"m_FxEnabled":true},"in2DMode":false,"pivot":{"x":890.6881103515625,"y":466.8243408203125,"z":-152.6424560546875},"rotation":{"x":-0.0528494231402874,"y":0.02740524895489216,"z":0.0014509618049487472,"w":0.9982270002365112},"size":520.7762451171875,"orthographic":false}