{"cameraMode":{"drawMode":0,"name":"Shaded","section":"Shading Mode"},"sceneLighting":false,"audioPlay":false,"sceneViewState":{"m_AlwaysRefresh":false,"showFog":true,"showSkybox":false,"showFlares":true,"showImageEffects":true,"showParticleSystems":true,"showVisualEffectGraphs":true,"m_FxEnabled":true},"in2DMode":false,"pivot":{"x":457.8834228515625,"y":294.83673095703127,"z":187.7496337890625},"rotation":{"x":0.008987663313746453,"y":-0.9903537034988403,"z":-0.07800569385290146,"w":-0.11428523808717728},"size":276.2542724609375,"orthographic":false}