{"cameraMode":{"drawMode":0,"name":"Shaded","section":"Shading Mode"},"sceneLighting":false,"audioPlay":false,"sceneViewState":{"m_AlwaysRefresh":false,"showFog":true,"showSkybox":false,"showFlares":true,"showImageEffects":true,"showParticleSystems":true,"showVisualEffectGraphs":true,"m_FxEnabled":true},"in2DMode":false,"pivot":{"x":-31.293739318847658,"y":18.36308479309082,"z":-16.54237174987793},"rotation":{"x":0.01518388744443655,"y":0.8528542518615723,"z":0.024822788313031198,"w":-0.5213741660118103},"size":10.920249938964844,"orthographic":false}