{"cameraMode":{"drawMode":0,"name":"Shaded","section":"Shading Mode"},"sceneLighting":false,"audioPlay":false,"sceneViewState":{"m_AlwaysRefresh":false,"showFog":true,"showSkybox":false,"showFlares":true,"showImageEffects":true,"showParticleSystems":true,"showVisualEffectGraphs":true,"m_FxEnabled":true},"in2DMode":false,"pivot":{"x":513.1312866210938,"y":278.06512451171877,"z":138.074462890625},"rotation":{"x":-0.0354633703827858,"y":0.0011494153877720237,"z":-0.00003689014192786999,"w":-0.9993756413459778},"size":326.8904113769531,"orthographic":false}