{"cameraMode":{"drawMode":0,"name":"Shaded","section":"Shading Mode"},"sceneLighting":false,"audioPlay":false,"sceneViewState":{"m_AlwaysRefresh":false,"showFog":true,"showSkybox":false,"showFlares":true,"showImageEffects":true,"showParticleSystems":true,"showVisualEffectGraphs":true,"m_FxEnabled":true},"in2DMode":false,"pivot":{"x":0.3016037940979004,"y":0.3531339168548584,"z":0.9207330346107483},"rotation":{"x":0.29059886932373049,"y":-0.5204257369041443,"z":0.19410938024520875,"w":0.7791250944137573},"size":1.2817970514297486,"orthographic":false}