{"cameraMode":{"drawMode":0,"name":"Shaded","section":"Shading Mode"},"sceneLighting":false,"audioPlay":false,"sceneViewState":{"m_AlwaysRefresh":false,"showFog":true,"showSkybox":false,"showFlares":true,"showImageEffects":true,"showParticleSystems":true,"showVisualEffectGraphs":true,"m_FxEnabled":true},"in2DMode":false,"pivot":{"x":0.5842511653900147,"y":0.3350977897644043,"z":-0.12924492359161378},"rotation":{"x":0.21641016006469727,"y":-0.42428305745124819,"z":0.10517897456884384,"w":0.872979462146759},"size":1.1850513219833375,"orthographic":false}