{"cameraMode":{"drawMode":0,"name":"Shaded","section":"Shading Mode"},"sceneLighting":false,"audioPlay":false,"sceneViewState":{"m_AlwaysRefresh":false,"showFog":true,"showSkybox":false,"showFlares":true,"showImageEffects":true,"showParticleSystems":true,"showVisualEffectGraphs":true,"m_FxEnabled":true},"in2DMode":false,"pivot":{"x":-0.4338247776031494,"y":-0.07963395118713379,"z":0.26591646671295168},"rotation":{"x":0.24597221612930299,"y":-0.503463089466095,"z":0.1521187722682953,"w":0.8141893744468689},"size":1.597342610359192,"orthographic":false}