{"cameraMode":{"drawMode":0,"name":"Shaded","section":"Shading Mode"},"sceneLighting":false,"audioPlay":false,"sceneViewState":{"m_AlwaysRefresh":false,"showFog":true,"showSkybox":false,"showFlares":true,"showImageEffects":true,"showParticleSystems":true,"showVisualEffectGraphs":true,"m_FxEnabled":true},"in2DMode":false,"pivot":{"x":-0.06757475435733795,"y":0.589505672454834,"z":-0.009999990463256836},"rotation":{"x":-0.10318391025066376,"y":-0.6041319966316223,"z":0.07928982377052307,"w":-0.7861875295639038},"size":0.8766682744026184,"orthographic":false}