{"cameraMode":{"drawMode":0,"name":"Shaded","section":"Shading Mode"},"sceneLighting":false,"audioPlay":false,"sceneViewState":{"m_AlwaysRefresh":false,"showFog":true,"showSkybox":false,"showFlares":true,"showImageEffects":true,"showParticleSystems":true,"showVisualEffectGraphs":true,"m_FxEnabled":true},"in2DMode":false,"pivot":{"x":-0.9098321199417114,"y":1.5032188892364503,"z":1.998631477355957},"rotation":{"x":-0.005737599451094866,"y":-0.9924084544181824,"z":0.05092998594045639,"w":-0.11179959774017334},"size":1.379143476486206,"orthographic":false}