{"cameraMode":{"drawMode":0,"name":"Shaded","section":"Shading Mode"},"sceneLighting":false,"audioPlay":false,"sceneViewState":{"m_AlwaysRefresh":false,"showFog":true,"showSkybox":false,"showFlares":true,"showImageEffects":true,"showParticleSystems":true,"showVisualEffectGraphs":true,"m_FxEnabled":true},"in2DMode":false,"pivot":{"x":1.0205776691436768,"y":2.8960018157958986,"z":4.624661922454834},"rotation":{"x":-0.053666647523641589,"y":0.8900189995765686,"z":-0.10867229104042053,"w":-0.43952319025993349},"size":1.0105321407318116,"orthographic":false}