{"cameraMode":{"drawMode":0,"name":"Shaded","section":"Shading Mode"},"sceneLighting":false,"audioPlay":false,"sceneViewState":{"m_AlwaysRefresh":false,"showFog":true,"showSkybox":false,"showFlares":true,"showImageEffects":true,"showParticleSystems":true,"showVisualEffectGraphs":true,"m_FxEnabled":true},"in2DMode":false,"pivot":{"x":0.13552463054656983,"y":-0.00988781452178955,"z":0.20813971757888795},"rotation":{"x":0.2544102966785431,"y":-0.43139544129371645,"z":0.12823085486888886,"w":0.8560097217559815},"size":0.9342888593673706,"orthographic":false}