{"cameraMode":{"drawMode":0,"name":"Shaded","section":"Shading Mode"},"sceneLighting":false,"audioPlay":false,"sceneViewState":{"m_AlwaysRefresh":false,"showFog":true,"showSkybox":false,"showFlares":true,"showImageEffects":true,"showParticleSystems":true,"showVisualEffectGraphs":true,"m_FxEnabled":true},"in2DMode":false,"pivot":{"x":0.09767806529998779,"y":-0.01814025640487671,"z":-0.11467015743255615},"rotation":{"x":0.15555278956890107,"y":0.4098314344882965,"z":-0.07115107029676438,"w":0.8959802985191345},"size":0.9267441034317017,"orthographic":false}