{"cameraMode":{"drawMode":0,"name":"Shaded","section":"Shading Mode"},"sceneLighting":false,"audioPlay":false,"sceneViewState":{"m_AlwaysRefresh":false,"showFog":true,"showSkybox":false,"showFlares":true,"showImageEffects":true,"showParticleSystems":true,"showVisualEffectGraphs":true,"m_FxEnabled":true},"in2DMode":false,"pivot":{"x":-0.35819610953330996,"y":0.4843760132789612,"z":-0.06444847583770752},"rotation":{"x":-0.20314733684062959,"y":0.12909246981143952,"z":-0.027033882215619088,"w":-0.970234215259552},"size":1.281788945198059,"orthographic":false}