{"cameraMode":{"drawMode":0,"name":"Shaded","section":"Shading Mode"},"sceneLighting":false,"audioPlay":false,"sceneViewState":{"m_AlwaysRefresh":false,"showFog":true,"showSkybox":false,"showFlares":true,"showImageEffects":true,"showParticleSystems":true,"showVisualEffectGraphs":true,"m_FxEnabled":true},"in2DMode":false,"pivot":{"x":0.23488223552703858,"y":0.6511828899383545,"z":-0.2510751485824585},"rotation":{"x":-0.06689152121543884,"y":-0.582051157951355,"z":0.04812844097614288,"w":-0.8089657425880432},"size":1.1722015142440797,"orthographic":false}