{"cameraMode":{"drawMode":0,"name":"Shaded","section":"Shading Mode"},"sceneLighting":false,"audioPlay":false,"sceneViewState":{"m_AlwaysRefresh":false,"showFog":true,"showSkybox":false,"showFlares":true,"showImageEffects":true,"showParticleSystems":true,"showVisualEffectGraphs":true,"m_FxEnabled":true},"in2DMode":false,"pivot":{"x":-0.11973869800567627,"y":0.9057173132896423,"z":-0.18179774284362794},"rotation":{"x":-0.08895783871412277,"y":0.8752951622009277,"z":-0.17643404006958009,"w":-0.4414048194885254},"size":1.032751441001892,"orthographic":false}